INSERT INTO `isa_database`.`address` (`id`, `is_deleted`, `time_created`, `time_updated`, `city`, `state`, `latitude`, `longitude`, `street`) VALUES ('eaf6b7f4-f693-4049-b705-cbf3eb33817e', b'0', '2019-09-09', '2019-09-09', 'Novi Sad', 'Serbia', '45.26', '19.83', 'Stevana Sremca');
INSERT INTO `isa_database`.`address` (`id`, `is_deleted`, `time_created`, `time_updated`, `city`, `state`, `latitude`, `longitude`, `street`) VALUES ('1a20cb38-5d83-41ab-bb35-726a3b29a444', b'0', '2019-09-09', '2019-09-09', 'Beograd', 'Serbia', '44.78', '20.44', 'Bulevar Kralja Aleksandra');
INSERT INTO `isa_database`.`address` (`id`, `is_deleted`, `time_created`, `time_updated`, `city`, `state`, `latitude`, `longitude`, `street`) VALUES ('b827d6a1-2dfb-4df8-856b-b28860816c17', b'0', '2019-09-09', '2019-09-09', 'Niš', 'Serbia', '43.32', '21.89', 'Bulevar Revolucije');

INSERT INTO `isa_database`.`user` (`id`, `is_deleted`, `time_created`, `time_updated`, `first_name`, `last_name`, `role`, `email`, `password`, `phone_number`, `city`, `state`, `is_enabled`) VALUES ('0843bca9-7dbf-4da0-8b5b-49afe9c002a4', b'0', '2019-09-09', '2019-09-09', 'Marko', 'Markovic', 'RENT_A_CAR_ADMIN', 'marko@gmail.com', '$2a$10$tHlpHYZmzDlo4ojfMl1qseYE84PF9Bu0WdTvh.w79uV2yQGldNC92', '06851111', 'Sremska Mitrovica', 'Srbija', b'1');
INSERT INTO `isa_database`.`user` (`id`, `is_deleted`, `time_created`, `time_updated`, `first_name`, `last_name`, `role`, `email`, `password`, `phone_number`, `city`, `state`, `is_enabled`) VALUES ('d97b7fa5-705b-4ec0-a494-91266ec2b62a', b'0', '2019-09-09', '2019-09-09', 'Petar', 'Petrovic', 'RENT_A_CAR_ADMIN', 'petar@gmail.com', '$2a$10$tHlpHYZmzDlo4ojfMl1qseYE84PF9Bu0WdTvh.w79uV2yQGldNC92', '0681281', 'Sremska Kamenica', 'Srbija', b'1');
INSERT INTO `isa_database`.`user` (`id`, `is_deleted`, `time_created`, `time_updated`, `first_name`, `last_name`, `role`, `email`, `password`, `phone_number`, `city`, `state`, `is_enabled`) VALUES ('5b3091f8-d0a1-4918-9b89-470880133a6f', b'0', '2019-09-09', '2019-09-09', 'Lazar', 'Lazovic', 'USER', 'lazar@gmail.com', '$2a$10$tHlpHYZmzDlo4ojfMl1qseYE84PF9Bu0WdTvh.w79uV2yQGldNC92', '06891234', 'Beograd', 'Srbija', b'1');
INSERT INTO `isa_database`.`user` (`id`, `is_deleted`, `time_created`, `time_updated`, `first_name`, `last_name`, `role`, `email`, `password`, `phone_number`, `city`, `state`, `is_enabled`) VALUES ('a49e6bc5-d105-4d9b-951a-5d35abfe53c2', b'0', '2019-09-09', '2019-09-09', 'Nikola', 'Nikolica', 'USER', 'nikola@gmail.com', '$2a$10$tHlpHYZmzDlo4ojfMl1qseYE84PF9Bu0WdTvh.w79uV2yQGldNC92', '06891234', 'Beograd', 'Srbija', b'1');

INSERT INTO `isa_database`.`rent_a_car` (`id`, `is_deleted`, `time_created`, `time_updated`, `name`, `description`, `address_id`, `rating`, `version`) VALUES ('059cd705-f75a-40d4-9dba-8a5b17e514e7', b'0', '2019-09-09', '2019-09-09', 'Kodak', 'Brza vozila', 'eaf6b7f4-f693-4049-b705-cbf3eb33817e', '10', '0');
INSERT INTO `isa_database`.`rent_a_car` (`id`, `is_deleted`, `time_created`, `time_updated`, `name`, `description`, `address_id`, `rating`, `version`) VALUES ('16411f00-4500-479f-8b04-ba21b9954a4d', b'0', '2019-09-09', '2019-09-09', 'Index', 'Povoljna vozila', '1a20cb38-5d83-41ab-bb35-726a3b29a444', '9', '0');
INSERT INTO `isa_database`.`rent_a_car` (`id`, `is_deleted`, `time_created`, `time_updated`, `name`, `description`, `address_id`, `rating`, `version`) VALUES ('16e4fc4d-1807-4d73-99ef-33addc4125b0', b'0', '2019-09-09', '2019-09-09', 'Deluxe', 'Eksluzivna vozila', 'b827d6a1-2dfb-4df8-856b-b28860816c17', '10', '0');

INSERT INTO `isa_database`.`rent_a_car_admin` (`id`, `is_deleted`, `time_created`, `time_updated`, `user_id`, `rent_a_car_id`, `is_not_first_login`) VALUES ('52592a9a-4034-4b53-8fd3-c15be4c6be9c', b'0', '2019-09-09', '2019-09-09', '0843bca9-7dbf-4da0-8b5b-49afe9c002a4', '059cd705-f75a-40d4-9dba-8a5b17e514e7', b'0');
INSERT INTO `isa_database`.`rent_a_car_admin` (`id`, `is_deleted`, `time_created`, `time_updated`, `user_id`, `rent_a_car_id`, `is_not_first_login`) VALUES ('b0210d8a-ea57-4069-a8ab-0b51200791f2', b'0', '2019-09-09', '2019-09-09', '0843bca9-7dbf-4da0-8b5b-49afe9c002a4', '16411f00-4500-479f-8b04-ba21b9954a4d', b'0');
INSERT INTO `isa_database`.`rent_a_car_admin` (`id`, `is_deleted`, `time_created`, `time_updated`, `user_id`, `rent_a_car_id`, `is_not_first_login`) VALUES ('d01da035-796c-430e-9d47-54dcbf26cfd3', b'0', '2019-09-09', '2019-09-09', 'd97b7fa5-705b-4ec0-a494-91266ec2b62a', '16e4fc4d-1807-4d73-99ef-33addc4125b0', b'0');

INSERT INTO `isa_database`.`agency_location` (`id`, `is_deleted`, `time_created`, `time_updated`, `state`, `city`) VALUES ('1ee0ded5-3f6b-4a24-b267-e5de16deec34', b'0', '2019-09-09', '2019-09-09', 'Serbia', 'Novi Sad');
INSERT INTO `isa_database`.`agency_location` (`id`, `is_deleted`, `time_created`, `time_updated`, `state`, `city`) VALUES ('dae5e978-6456-49aa-b534-45f094bbb155', b'0', '2019-09-09', '2019-09-09', 'Serbia', 'Sremska Mitrovica');
INSERT INTO `isa_database`.`agency_location` (`id`, `is_deleted`, `time_created`, `time_updated`, `state`, `city`) VALUES ('1b8b01f8-0a27-4176-bc12-e80653197d51', b'0', '2019-09-09', '2019-09-09', 'Serbia', 'Niš');
INSERT INTO `isa_database`.`agency_location` (`id`, `is_deleted`, `time_created`, `time_updated`, `state`, `city`) VALUES ('92b34c06-b5a0-4a4e-9f84-0de52ef93aa8', b'0', '2019-09-09', '2019-09-09', 'Serbia', 'Sremska Kamenica');
INSERT INTO `isa_database`.`agency_location` (`id`, `is_deleted`, `time_created`, `time_updated`, `state`, `city`) VALUES ('7632544b-612d-48e9-91ee-11ef20cf9d88', b'0', '2019-09-09', '2019-09-09', 'France', 'Paris');

INSERT INTO `isa_database`.`rent_a_car_location` (`id`, `is_deleted`, `time_created`, `time_updated`, `rent_a_car_id`, `agency_location_id`) VALUES ('42e513ce-dc88-43da-9349-da3424620e14', b'0', '2019-09-09','2019-09-09', '059cd705-f75a-40d4-9dba-8a5b17e514e7', '1ee0ded5-3f6b-4a24-b267-e5de16deec34');
INSERT INTO `isa_database`.`rent_a_car_location` (`id`, `is_deleted`, `time_created`, `time_updated`, `rent_a_car_id`, `agency_location_id`) VALUES ('b303e5f2-ce41-4d06-b85b-ed752e23b432', b'0', '2019-09-09','2019-09-09', '059cd705-f75a-40d4-9dba-8a5b17e514e7', 'dae5e978-6456-49aa-b534-45f094bbb155');
INSERT INTO `isa_database`.`rent_a_car_location` (`id`, `is_deleted`, `time_created`, `time_updated`, `rent_a_car_id`, `agency_location_id`) VALUES ('167fec56-ea1a-4c89-ae2b-af8f31842bc8', b'0', '2019-09-09','2019-09-09', '059cd705-f75a-40d4-9dba-8a5b17e514e7', '1b8b01f8-0a27-4176-bc12-e80653197d51');
INSERT INTO `isa_database`.`rent_a_car_location` (`id`, `is_deleted`, `time_created`, `time_updated`, `rent_a_car_id`, `agency_location_id`) VALUES ('c2a79845-135c-47eb-8c87-9d0f7908622e', b'0', '2019-09-09','2019-09-09', '16411f00-4500-479f-8b04-ba21b9954a4d', '1b8b01f8-0a27-4176-bc12-e80653197d51');
INSERT INTO `isa_database`.`rent_a_car_location` (`id`, `is_deleted`, `time_created`, `time_updated`, `rent_a_car_id`, `agency_location_id`) VALUES ('5cbd588a-5177-4cfd-ba4a-d638d77e1257', b'0', '2019-09-09','2019-09-09', '16411f00-4500-479f-8b04-ba21b9954a4d', 'dae5e978-6456-49aa-b534-45f094bbb155');
INSERT INTO `isa_database`.`rent_a_car_location` (`id`, `is_deleted`, `time_created`, `time_updated`, `rent_a_car_id`, `agency_location_id`) VALUES ('80c131a1-f17f-40a4-8b0e-d0786637988a', b'0', '2019-09-09','2019-09-09', '16e4fc4d-1807-4d73-99ef-33addc4125b0', 'dae5e978-6456-49aa-b534-45f094bbb155');
INSERT INTO `isa_database`.`rent_a_car_location` (`id`, `is_deleted`, `time_created`, `time_updated`, `rent_a_car_id`, `agency_location_id`) VALUES ('a1acd6f4-46b3-40ba-8d0b-b3d5edb26313', b'0', '2019-09-09','2019-09-09', '16e4fc4d-1807-4d73-99ef-33addc4125b0', '7632544b-612d-48e9-91ee-11ef20cf9d88');

INSERT INTO `isa_database`.`vehicle` (`id`, `is_deleted`, `time_created`, `time_updated`, `brand`, `model`, `number_of_people`, `price_per_day`, `type`, `year_of_production`, `rating`, `rent_a_car_id`, `version`) VALUES ('9b812e4f-e8b2-4add-9823-4171c9c4e06a', b'0', '2019-09-09', '2019-09-09', 'BMW', 'M7', '5', '1200', 'Automobile', '2015', '9', '059cd705-f75a-40d4-9dba-8a5b17e514e7', '0');
INSERT INTO `isa_database`.`vehicle` (`id`, `is_deleted`, `time_created`, `time_updated`, `brand`, `model`, `number_of_people`, `price_per_day`, `type`, `year_of_production`, `rating`, `rent_a_car_id`, `version`) VALUES ('1393cc9e-a6cc-47c1-9216-ba73ca6f6125', b'0', '2019-09-09', '2019-09-09', 'Mercedes', 'E200', '4', '1200', 'Automobile', '2015', '10', '059cd705-f75a-40d4-9dba-8a5b17e514e7', '0');
INSERT INTO `isa_database`.`vehicle` (`id`, `is_deleted`, `time_created`, `time_updated`, `brand`, `model`, `number_of_people`, `price_per_day`, `type`, `year_of_production`, `rating`, `rent_a_car_id`, `version`) VALUES ('c63ae9da-470f-4670-9e4c-999bdd2f1824', b'0', '2019-09-09', '2019-09-09', 'BMX', 'Y6', '4', '150', 'Bicycle', '2013', '9', '059cd705-f75a-40d4-9dba-8a5b17e514e7', '0');
INSERT INTO `isa_database`.`vehicle` (`id`, `is_deleted`, `time_created`, `time_updated`, `brand`, `model`, `number_of_people`, `price_per_day`, `type`, `year_of_production`, `rating`, `rent_a_car_id`, `version`) VALUES ('a31b07cc-d9e4-4f31-9c9e-bf69116213ff', b'0', '2019-09-09', '2019-09-09', 'Toyota', 'Yaris', '4', '250', 'Automobile', '2019', '9', '16411f00-4500-479f-8b04-ba21b9954a4d', '0');
INSERT INTO `isa_database`.`vehicle` (`id`, `is_deleted`, `time_created`, `time_updated`, `brand`, `model`, `number_of_people`, `price_per_day`, `type`, `year_of_production`, `rating`, `rent_a_car_id`, `version`) VALUES ('9e5f64e2-386f-457a-a17e-a255abfc2e85', b'0', '2019-09-09', '2019-09-09', 'Honda', 'Accord', '4', '500', 'Automobile', '2017', '10', '16411f00-4500-479f-8b04-ba21b9954a4d', '0');
INSERT INTO `isa_database`.`vehicle` (`id`, `is_deleted`, `time_created`, `time_updated`, `brand`, `model`, `number_of_people`, `price_per_day`, `type`, `year_of_production`, `rating`, `rent_a_car_id`, `version`) VALUES ('0177cce1-4ff6-4ccf-a9cb-9a1a0b1fed91', b'0', '2019-09-09', '2019-09-09', 'Honda', 'Civic', '4', '350', 'Automobile', '2017', '7', '16e4fc4d-1807-4d73-99ef-33addc4125b0', '0');
INSERT INTO `isa_database`.`vehicle` (`id`, `is_deleted`, `time_created`, `time_updated`, `brand`, `model`, `number_of_people`, `price_per_day`, `type`, `year_of_production`, `rating`, `rent_a_car_id`, `version`) VALUES ('ef150743-a05d-4e65-9512-ca09e5d2ce04', b'0', '2019-09-09', '2019-09-09', 'Fiat', 'Multipla', '6', '800', 'Automobile', '2016', '7', '16e4fc4d-1807-4d73-99ef-33addc4125b0', '0');

INSERT INTO `isa_database`.`vehicle_reservation` (`id`, `is_deleted`, `time_created`, `time_updated`, `start_date`, `end_date`, `price`, `vehicle_id`,`user_id`, `version`) VALUES ('ce816f13-8c8b-4b6c-8f31-e56fe05af67f', b'0', '2019-09-09', '2019-09-09', '2019-09-09', '2019-09-12', '4800', '9b812e4f-e8b2-4add-9823-4171c9c4e06a','a49e6bc5-d105-4d9b-951a-5d35abfe53c2', '0');
INSERT INTO `isa_database`.`vehicle_reservation` (`id`, `is_deleted`, `time_created`, `time_updated`, `start_date`, `end_date`, `price`, `vehicle_id`,`user_id`, `version`) VALUES ('78107987-67ec-4f59-a405-71ec005955e7', b'0', '2019-09-09', '2019-09-09', '2019-09-19', '2019-09-22', '4800', '9b812e4f-e8b2-4add-9823-4171c9c4e06a','a49e6bc5-d105-4d9b-951a-5d35abfe53c2', '0');
INSERT INTO `isa_database`.`vehicle_reservation` (`id`, `is_deleted`, `time_created`, `time_updated`, `start_date`, `end_date`, `price`, `vehicle_id`,`user_id`, `version`) VALUES ('bfa0f6ee-ab35-4422-9705-c41543b29bb9', b'0', '2019-09-09', '2019-09-09', '2019-11-11', '2019-11-15', '2500', 'c63ae9da-470f-4670-9e4c-999bdd2f1824','a49e6bc5-d105-4d9b-951a-5d35abfe53c2', '0');
INSERT INTO `isa_database`.`vehicle_reservation` (`id`, `is_deleted`, `time_created`, `time_updated`, `start_date`, `end_date`, `price`, `vehicle_id`,`user_id`, `version`) VALUES ('f71ecf47-7347-4970-a4dd-3e6b5faec2e0', b'0', '2019-09-09', '2019-09-09', '2019-11-19', '2019-11-23', '2500', '9e5f64e2-386f-457a-a17e-a255abfc2e85','a49e6bc5-d105-4d9b-951a-5d35abfe53c2', '0');

INSERT INTO `isa_database`.`discount` (`id`, `is_deleted`, `time_created`, `time_updated`, `end_date`, `entity_id`, `start_date`, `entity_type`, `rate`) VALUES ('203e5b05-2cc7-4d35-b8da-34a31d4ade5e', b'0', '2019-09-09', '2019-09-09', '2019-09-12', '9b812e4f-e8b2-4add-9823-4171c9c4e06a', '2019-09-15', 'VEHICLE', '50');
INSERT INTO `isa_database`.`discount` (`id`, `is_deleted`, `time_created`, `time_updated`, `end_date`, `entity_id`, `start_date`, `entity_type`, `rate`) VALUES ('cd684174-976d-4d89-9d1a-404612568181', b'0', '2019-09-09', '2019-09-09', '2019-09-12', '1393cc9e-a6cc-47c1-9216-ba73ca6f6125', '2019-09-15', 'VEHICLE', '45');
INSERT INTO `isa_database`.`discount` (`id`, `is_deleted`, `time_created`, `time_updated`, `end_date`, `entity_id`, `start_date`, `entity_type`, `rate`) VALUES ('bcc50dac-5c9d-4468-905a-436496186393', b'0', '2019-09-09', '2019-11-01', '2019-11-12', '1393cc9e-a6cc-47c1-9216-ba73ca6f6125', '2019-09-15', 'VEHICLE', '35');

 
