INSERT INTO address (id, is_deleted, time_created, time_updated, city, state, latitude, longitude, street) VALUES (f15b983a-ca3e-45cc-852c-4e7805110966, 0, 2019-09-09, 2019-09-09, Novi Sad, Republika Srbija, 45.26, 19.83, Stevana Sremca);
INSERT INTO address (id, is_deleted, time_created, time_updated, city, state, latitude, longitude, street) VALUES (f15b983a-ca3e-45cc-852c-4e78051109AC, 0, 2019-09-09, 2019-09-09, Beograd, Republika Srbija, 44.78, 20.44, Bulevar Kralja Aleksandra);
INSERT INTO address (id, is_deleted, time_created, time_updated, city, state, latitude, longitude, street) VALUES (f15b983a-ca3e-45cc-852c-4e78051109BE, 0, 2019-09-09, 2019-09-09, Novi Sad, Republika Srbija, 43.32, 21.89, Pap Pavla);

INSERT INTO rent_a_car (id, is_deleted, time_created, time_updated, name, description, address_id, rating) VALUES (f15b983a-ca3e-45cc-852c-4e7805110MMM, 0, 2019-09-09, 2019-09-09, Kodak, Brza vozila, f15b983a-ca3e-45cc-852c-4e7805110966, 10);
INSERT INTO rent_a_car (id, is_deleted, time_created, time_updated, name, description, address_id, rating) VALUES (f15b983a-ca3e-45cc-852c-4e7805110ACE, 0, 2019-09-09, 2019-09-09, Index, Povoljna vozila, f15b983a-ca3e-45cc-852c-4e7805110966, 9);
INSERT INTO rent_a_car (id, is_deleted, time_created, time_updated, name, description, address_id, rating) VALUES (f15b983a-ca3e-45cc-852c-4e7805110BEE, 0, 2019-09-09, 2019-09-09, Deluxe, Eksluzivna vozila, f15b983a-ca3e-45cc-852c-4e7805110966, 10);

INSERT INTO user (id, is_deleted, time_created, time_updated, first_name, last_name, role, email, password, phone_number, city, state, is_enabled) VALUES (96ab9400-7089-4af8-bc54-4301a5868101, 0, 2019-09-09, 2019-09-09, Marko, Markovic, RENT_A_CAR_ADMIN, marko@gmail.com, abcdef, 06851111, Sremska Mitrovica, Srbija, 1);
INSERT INTO user (id, is_deleted, time_created, time_updated, first_name, last_name, role, email, password, phone_number, city, state, is_enabled) VALUES (96ab9400-7089-4af8-bc54-4301a58A33CC, 0, 2019-09-09, 2019-09-09, Petar, Petrovic, RENT_A_CAR_ADMIN, petar@gmail.com, abcdef, 0681281, Sremska Kamenica, Srbija, 1);
INSERT INTO user (id, is_deleted, time_created, time_updated, first_name, last_name, role, email, password, phone_number, city, state, is_enabled) VALUES (96ab9400-7089-4af8-bc54-4301a5868Cbb, 0, 2019-09-09, 2019-09-09, Lazar, Lazovic, RENT_A_CAR_ADMIN, lazar@gmail.com, abcdef, 06891234, Beograd, Srbija, 1);

INSERT INTO rent_a_car_admin (id, is_deleted, time_created, time_updated, user_id, rent_a_car_id, is_first_login) VALUES (f15b983a-ca3e-45cc-852c-4e180511ABCD, 0, 2019-09-09, 2019-09-09, 96ab9400-7089-4af8-bc54-4301a5868101, f15b983a-ca3e-45cc-852c-4e7805110MMM, b0);
INSERT INTO rent_a_car_admin (id, is_deleted, time_created, time_updated, user_id, rent_a_car_id, is_first_login) VALUES (f15b983a-ca3e-45cc-852c-4e180511ABCD, 0, 2019-09-09, 2019-09-09, 96ab9400-7089-4af8-bc54-4301a58A33CC, f15b983a-ca3e-45cc-852c-4e7805110ACE, b0);
INSERT INTO rent_a_car_admin (id, is_deleted, time_created, time_updated, user_id, rent_a_car_id, is_first_login) VALUES (f15b983a-ca3e-45cc-852c-4e180511ABCD, 0, 2019-09-09, 2019-09-09, 96ab9400-7089-4af8-bc54-4301a5868Cbb, f15b983a-ca3e-45cc-852c-4e7805110BEE, b0);

INSERT INTO vehicle (id, is_deleted, time_created, time_updated, brand, model, number_of_people, price_per_day, type, year_of_production, rating, rent_a_car_id) VALUES (c776dd4a-946e-433e-aa18-6beb04b214ad, 0, 2019-09-09, 2019-09-09, BMW, M7, 5, 1200, Automobile, 2015, 9, f15b983a-ca3e-45cc-852c-4e7805110MMM);
INSERT INTO vehicle (id, is_deleted, time_created, time_updated, brand, model, number_of_people, price_per_day, type, year_of_production, rating, rent_a_car_id) VALUES (c776dd4a-946e-433e-aa18-6beb04b322ce, 0, 2019-09-09, 2019-09-09, Mercedes, E200, 4, 1200, Automobile, 2015, 10, f15b983a-ca3e-45cc-852c-4e7805110MMM);
INSERT INTO vehicle (id, is_deleted, time_created, time_updated, brand, model, number_of_people, price_per_day, type, year_of_production, rating, rent_a_car_id) VALUES (c776dd4a-946e-433e-aa18-6beb04b214Ac, 0, 2019-09-09, 2019-09-09, BMX, Y6, 4, 150, Bicycle, 2013, 9, f15b983a-ca3e-45cc-852c-4e7805110MMM);
INSERT INTO vehicle (id, is_deleted, time_created, time_updated, brand, model, number_of_people, price_per_day, type, year_of_production, rating, rent_a_car_id) VALUES (c776dd4a-946e-433e-aa18-6beb04b315be, 0, 2019-09-09, 2019-09-09, Toyota, Yaris, 4, 250, Automobile, 2019, 9, 96ab9400-7089-4af8-bc54-4301a58A33CC);
INSERT INTO vehicle (id, is_deleted, time_created, time_updated, brand, model, number_of_people, price_per_day, type, year_of_production, rating, rent_a_car_id) VALUES (c776dd4a-946e-433e-aa18-6beb04b777me, 0, 2019-09-09, 2019-09-09, Honda, Accord, 4, 500, Automobile, 2017, 10, 96ab9400-7089-4af8-bc54-4301a58A33CC);
INSERT INTO vehicle (id, is_deleted, time_created, time_updated, brand, model, number_of_people, price_per_day, type, year_of_production, rating, rent_a_car_id) VALUES (c776dd4a-946e-433e-aa18-6beb04babc32, 0, 2019-09-09, 2019-09-09, Honda, Civic, 4, 350, Automobile, 2017, 7, f15b983a-ca3e-45cc-852c-4e7805110BEE);
INSERT INTO vehicle (id, is_deleted, time_created, time_updated, brand, model, number_of_people, price_per_day, type, year_of_production, rating, rent_a_car_id) VALUES (c776dd4a-946e-433e-aa18-6beb04b214FF, 0, 2019-09-09, 2019-09-09, Fiat, Multipla, 6, 800, Automobile, 2016, 7, f15b983a-ca3e-45cc-852c-4e7805110BEE);

INSERT INTO vehicle_reservation (id, is_deleted, time_created, time_updated, start_date, end_date, price, vehicle_id) VALUES (f15b983a-ca3e-45cc-852c-4e7805110BEE, 0, 2019-09-09, 2019-09-09, 2019-12-09, 2019-12-12, 4800, c776dd4a-946e-433e-aa18-6beb04b214ad);
INSERT INTO vehicle_reservation (id, is_deleted, time_created, time_updated, start_date, end_date, price, vehicle_id) VALUES (f15b983a-ca3e-45cc-852c-4e7805110BEE, 0, 2019-09-09, 2019-09-09, 2019-10-09, 2019-10-12, 4800, c776dd4a-946e-433e-aa18-6beb04b322ce);
INSERT INTO vehicle_reservation (id, is_deleted, time_created, time_updated, start_date, end_date, price, vehicle_id) VALUES (f15b983a-ca3e-45cc-852c-4e7805110BEE, 0, 2019-09-09, 2019-09-09, 2019-11-11, 2019-11-15, 2500, c776dd4a-946e-433e-aa18-6beb04b777me);
INSERT INTO vehicle_reservation (id, is_deleted, time_created, time_updated, start_date, end_date, price, vehicle_id) VALUES (f15b983a-ca3e-45cc-852c-4e7805110BEE, 0, 2019-09-09, 2019-09-09, 2019-11-19, 2019-11-23, 2500, c776dd4a-946e-433e-aa18-6beb04b777me);

